artifact	size	sha256	manifest_sha256	lib_sha256	www_sha256	core_validation_sha256	abis	native_lib_count
NorMaker-0.1-android-corpus-integrated-debug.apk	11211549	4e194ab75afaffb32146ed2c17bf1c4802a8fb785d6317e77de5c00e6dfbdfec	9c201c179346675a49f8a7480a0ddab600ffe6ae90bb87c7a2628c4287fe4240	39081c7f89432b31c6813e250eb800072d9fb84f57f005e666910eec66b86257	da942d26cc1574e11b1bb75c8899fab5fdbd090a23c9c8b204ee1bb2f09d40b6	b84a62e22c699952748fa4afea6b9501dd97e73dddea5cf7bc8e46e643bda1e3	arm64-v8a,armeabi-v7a,x86,x86_64	4
NorMaker-0.1-beta-opengmk-notice-debug.apk	11211804	f8e48a1bdacbef1db36ec406e491fbf085eb43c9606bb3949e472ab037cf2330	9c201c179346675a49f8a7480a0ddab600ffe6ae90bb87c7a2628c4287fe4240	d55abf8d08e07e27bfb08ccd895145729111815baad298bccbcd143bb45774d5	da942d26cc1574e11b1bb75c8899fab5fdbd090a23c9c8b204ee1bb2f09d40b6	228d30ed36b1cc53c0ec280bab1382dce69b50d1fb313b40323f22d17b09983a	arm64-v8a,armeabi-v7a,x86,x86_64	4
NorMaker-0.1-core-batch-2-debug.apk	11208747	bcb58964fb44bf44298a863e1df971dff33eb8eb763d99323580dcbc3abd7479	9c201c179346675a49f8a7480a0ddab600ffe6ae90bb87c7a2628c4287fe4240	61579c12539cac175f9f140e32636d070857a1fbbc70d2f025b8d4e3ad44303b	da942d26cc1574e11b1bb75c8899fab5fdbd090a23c9c8b204ee1bb2f09d40b6	29bf361b3178c6482ce220f2ca5d929ea5d3fff1dffd56afaf284c652599ec1a	arm64-v8a,armeabi-v7a,x86,x86_64	4
NorMaker-0.1-core-runtime-smoke-release-signed.apk	8349577	04732c529b168d34477f07a29660cf5684f1aa85e9fd8812bfbd724e8b57b925	a665c4ca5daf0327d3fb492e09bc2ec2ed07d8af5805b00f76b15990e2529bcf	c6633194093cac84bb04ffb4742fa4fa49e01914b92dc06edb468e264dbd05f4	37cfa20c899637ed8323402500dde629f142d4ea683b36d5171eb90c7a90b119	abcfa6a9d4df344d1781bc2560b5e4cdcae08b39ed303063535e7e1e926a304a	arm64-v8a,armeabi-v7a,x86,x86_64	4
NorMaker-0.1-current-native-core-debug.apk	1636308	3381daea23acc587a2bab0380da50bf18724c79b8353f76804b2796edfde6586	9c201c179346675a49f8a7480a0ddab600ffe6ae90bb87c7a2628c4287fe4240	226404bf87021150064ae81068704eeac753b9342c0568948af5a9199f16c64a		5f03daa7c99edcae42f1663450d614e518ae0d792db124a26db036091d9d050d	arm64-v8a,armeabi-v7a,x86,x86_64	4
NorMaker-0.1-current-updated-debug.apk	11216666	1d51e0d184beda02eb5140e83f8a65127b066e47587d22735f1de534efc105b6	9c201c179346675a49f8a7480a0ddab600ffe6ae90bb87c7a2628c4287fe4240	f18a3bd6c2da981be992a5cd2213789212f813c53745f3166eca6260672fe8a6	da942d26cc1574e11b1bb75c8899fab5fdbd090a23c9c8b204ee1bb2f09d40b6	69abb55fdcf95cafef59576f4b26249aaf63015be154b68b5750d0f42f6eb7cd	arm64-v8a,armeabi-v7a,x86,x86_64	4
NorMaker-0.1-full-android-control-fix-debug.apk	11211549	2761ebcea9d90c104d4d50969a4de281eada80e3e63552b8439ec1da1dce2dd2	9c201c179346675a49f8a7480a0ddab600ffe6ae90bb87c7a2628c4287fe4240	f8902e669f579f2813d874d8ee088cb2cee4cac1da3b46698754ec5415f5baf3	da942d26cc1574e11b1bb75c8899fab5fdbd090a23c9c8b204ee1bb2f09d40b6	d7b14031653d61f6b7231f2d767c77949acd39afcf62433646351cbe54ef33b2	arm64-v8a,armeabi-v7a,x86,x86_64	4
NorMaker-0.1-full-core-batch-debug.apk	11213290	2e39debc8f4896b3b172714e180dd45bb3e38d70afc866b168e935bef5b826a6	9c201c179346675a49f8a7480a0ddab600ffe6ae90bb87c7a2628c4287fe4240	e67efffad4eea632d904ca1cc57fe53517b4ff47bdd30595478de45fb85eefe8	da942d26cc1574e11b1bb75c8899fab5fdbd090a23c9c8b204ee1bb2f09d40b6	314cacf8eb21d3ef82733e813bc4846191828936b32cea6942aced9378371c04	arm64-v8a,armeabi-v7a,x86,x86_64	4
NorMaker-0.1-gmk-format-detection-debug.apk	10932860	540951dea668089ecb59f6d6f0e5379b1c472f39b6ffd402e74bb320b815f006	eb1b8b2296d66e86b074d712af55829e115f300c142116f529e85dc6b919f16d	5b603816e2ce5a03b86b527499c3e50208277769ea2e27d5a660192d593413cd	da942d26cc1574e11b1bb75c8899fab5fdbd090a23c9c8b204ee1bb2f09d40b6	abcfa6a9d4df344d1781bc2560b5e4cdcae08b39ed303063535e7e1e926a304a	arm64-v8a,armeabi-v7a,x86,x86_64	4
NorMaker-0.1-gmk-gmx-serializer-debug.apk	10932860	039a2ec33198c8396537b799358ccc0128507463c56505573920ea4dc5a0ba8c	eb1b8b2296d66e86b074d712af55829e115f300c142116f529e85dc6b919f16d	9565ebfa3793071da32df70d0c2b66a3e726ed675b23b2edc5c1c53066af8c5a	da942d26cc1574e11b1bb75c8899fab5fdbd090a23c9c8b204ee1bb2f09d40b6	abcfa6a9d4df344d1781bc2560b5e4cdcae08b39ed303063535e7e1e926a304a	arm64-v8a,armeabi-v7a,x86,x86_64	4
NorMaker-0.1-gmk-gmx-writers-debug.apk	10932860	8d8a9bbd1f8f9cd90f82f1f80b84881a8f436b8c2293e35359b9d40bce2ff95c	eb1b8b2296d66e86b074d712af55829e115f300c142116f529e85dc6b919f16d	9f85a10e3301069861d0b1b112fc4e7a8ee015f3aaed4bbb14ae41946b44a926	da942d26cc1574e11b1bb75c8899fab5fdbd090a23c9c8b204ee1bb2f09d40b6	abcfa6a9d4df344d1781bc2560b5e4cdcae08b39ed303063535e7e1e926a304a	arm64-v8a,armeabi-v7a,x86,x86_64	4
NorMaker-0.1-gmk-index-current-debug.apk	11061604	60427b8c1cfa861d8f24be02d51b6750b0165c3b0b6f76a0486bf9573cf6d011	9c201c179346675a49f8a7480a0ddab600ffe6ae90bb87c7a2628c4287fe4240	8e7e98d74720fc65b436591705fc1ac2991c26a05830e9e03b0c41c7c8237586	da942d26cc1574e11b1bb75c8899fab5fdbd090a23c9c8b204ee1bb2f09d40b6	0a2beba0a51c5caf54d8b113932c9c3c67ad865ab1e481f687821dcf69bfafb5	arm64-v8a,armeabi-v7a,x86,x86_64	4
NorMaker-0.1-gmk-ir-batch-debug.apk	11208965	7e0320aa0af9d7c7ecdce9b2dfa553156dfb995db96292b2e880d5dc8dba8837	9c201c179346675a49f8a7480a0ddab600ffe6ae90bb87c7a2628c4287fe4240	de5d038977ac56cfb4cef3e4347a4c56ce9ea6d43f0d67339d3bd510d9c3ce7b	da942d26cc1574e11b1bb75c8899fab5fdbd090a23c9c8b204ee1bb2f09d40b6	492b1b1545dab35a8707b3cb0c161217567b881989135954ad3bce60aab8a2bb	arm64-v8a,armeabi-v7a,x86,x86_64	4
NorMaker-0.1-gmk-native-core-debug.apk	10932860	b6c118869d36f68312863e9da18e8add08de02fc206b122c8f344d756a4e6dc3	eb1b8b2296d66e86b074d712af55829e115f300c142116f529e85dc6b919f16d	b545b2f0b05e8b234569f4692d5cd78ec6f3d34a21a61a3113003811e2ba6a2c	da942d26cc1574e11b1bb75c8899fab5fdbd090a23c9c8b204ee1bb2f09d40b6	abcfa6a9d4df344d1781bc2560b5e4cdcae08b39ed303063535e7e1e926a304a	arm64-v8a,armeabi-v7a,x86,x86_64	4
NorMaker-0.1-gmk-phase12-debug.apk	1641799	44fdf15742e12750a97e60e196b86b42c032e167fefd317583e3a7c89aa1f2b9	9c201c179346675a49f8a7480a0ddab600ffe6ae90bb87c7a2628c4287fe4240	9f49f45a12f899a3c438a092cf4ef170bf343da0e77140308c740e72a8766371		d29bf4b3b82e1e1737c6b548dfd710dcb5e242aba74ac272a39f91b5af6498f6	arm64-v8a,armeabi-v7a,x86,x86_64	4
NorMaker-0.1-gmk-snapshot-debug.apk	10932860	a70ddf055394b76fe1be0664b8ecdfae6aa908994b919bb2f6afbf9207a36a23	eb1b8b2296d66e86b074d712af55829e115f300c142116f529e85dc6b919f16d	92eb8471af26fbe0b5a108d6fe56cb847fd2d7ce8e91d0ba264a747c4488e352	da942d26cc1574e11b1bb75c8899fab5fdbd090a23c9c8b204ee1bb2f09d40b6	abcfa6a9d4df344d1781bc2560b5e4cdcae08b39ed303063535e7e1e926a304a	arm64-v8a,armeabi-v7a,x86,x86_64	4
NorMaker-0.1-gml-do-until-debug.apk	10932860	37dbe57a2d1db0b2ce1d580e03e48b871192b228fc7adf5571865df8fad309cf	eb1b8b2296d66e86b074d712af55829e115f300c142116f529e85dc6b919f16d	dd97f65f6f288b005539aab4c5caed4d753e1cab0061fe001b1da1350945fd15	da942d26cc1574e11b1bb75c8899fab5fdbd090a23c9c8b204ee1bb2f09d40b6	abcfa6a9d4df344d1781bc2560b5e4cdcae08b39ed303063535e7e1e926a304a	arm64-v8a,armeabi-v7a,x86,x86_64	4
NorMaker-0.1-gml-motion-math-debug.apk	11216666	1d51e0d184beda02eb5140e83f8a65127b066e47587d22735f1de534efc105b6	9c201c179346675a49f8a7480a0ddab600ffe6ae90bb87c7a2628c4287fe4240	787711ea41340221ded1f68c726e1eababc74556894a05f12fc6f40e4d75d4e6	da942d26cc1574e11b1bb75c8899fab5fdbd090a23c9c8b204ee1bb2f09d40b6	e7131f4382039fd3774b33d85ff335b0b2378b2d0f23de9b985d81c07ab61ae2	arm64-v8a,armeabi-v7a,x86,x86_64	4
NorMaker-0.1-gml-switch-debug.apk	10932860	2e09c2a4c96109dd96277a3d2ef65e83506fa3e8a9ad4fc06dc26c5c601f954b	eb1b8b2296d66e86b074d712af55829e115f300c142116f529e85dc6b919f16d	aa9bae7576ed5f7c51c5cacc706e26758d24d2e3443a0bdb1d5ae3c72a16cbc5	da942d26cc1574e11b1bb75c8899fab5fdbd090a23c9c8b204ee1bb2f09d40b6	abcfa6a9d4df344d1781bc2560b5e4cdcae08b39ed303063535e7e1e926a304a	arm64-v8a,armeabi-v7a,x86,x86_64	4
NorMaker-0.1-native-resource-writer-debug.apk	11210443	1a6b5652e1c8568e3997d375cb67f3ddf40732f2834de40806e2527c7cdce374	9c201c179346675a49f8a7480a0ddab600ffe6ae90bb87c7a2628c4287fe4240	5c7c38e1ae96cf77939684d5be6f78957023ab21c3b93e8ca0139adb6738978e	da942d26cc1574e11b1bb75c8899fab5fdbd090a23c9c8b204ee1bb2f09d40b6	89e519c103bfd6525627c0059ce44559dac233a2fa9664a89ef5ccf8de774fbd	arm64-v8a,armeabi-v7a,x86,x86_64	4
NorMaker-0.1-object-events-actions-writer-debug.apk	11211365	ddb724f22eb7e9544820d4f55e66991483b2bb6d727b6653dbae4450f69145c4	9c201c179346675a49f8a7480a0ddab600ffe6ae90bb87c7a2628c4287fe4240	e89533d8f8e0eb22e8c8a1ce89269bd66d5dc74b3c0fb26c0ce45035537bce99	da942d26cc1574e11b1bb75c8899fab5fdbd090a23c9c8b204ee1bb2f09d40b6	57719771f0c1aab49cc58cdfa6636d87a893a765853b576da3c3e4436c0072ba	arm64-v8a,armeabi-v7a,x86,x86_64	4
NorMaker-0.1-restored-full-debug.apk	11059240	55d13266f93714a37775b6be7031b2ce59a8661d41ba23496c5ea3e7bd9418f2	9c201c179346675a49f8a7480a0ddab600ffe6ae90bb87c7a2628c4287fe4240	63c094b81ee53826629312122c7e64fd7e7648611edb7cce0d0a4f956558d93d	da942d26cc1574e11b1bb75c8899fab5fdbd090a23c9c8b204ee1bb2f09d40b6	6c187583bde0e11381e75ab8f99c6550cf8c7879e1473f8f6703e80b5f1b77e4	arm64-v8a,armeabi-v7a,x86,x86_64	4
NorMaker-0.1-runtime-parity-batch-debug.apk	11207414	a10d937d2fb820f05872eaf1374bfbe76a140b3b39cc06826787979915bfd55b	9c201c179346675a49f8a7480a0ddab600ffe6ae90bb87c7a2628c4287fe4240	c0b81a07caaa3276ac943673c4173176862a77b230e91c649d603020a7fb66ba	da942d26cc1574e11b1bb75c8899fab5fdbd090a23c9c8b204ee1bb2f09d40b6	0a0fa69906910cad53c8aedac1f37c0ffe2139bd2870e959e5e3471e80072764	arm64-v8a,armeabi-v7a,x86,x86_64	4
NorMaker-0.1-semantic-writer-batch-debug.apk	11209861	03a781ceacfe03dd472e73958ffc4021595b9a80dcba3e1f3d5864ccb33ca234	9c201c179346675a49f8a7480a0ddab600ffe6ae90bb87c7a2628c4287fe4240	3ab9c469f4b18846a94c655488bc88a0ddc37c04c48cc9b55f0990654a1946ff	da942d26cc1574e11b1bb75c8899fab5fdbd090a23c9c8b204ee1bb2f09d40b6	b4db4fb85d67e9ac1dfbf903ff650a0dbd76775f5293f8a417cda20da2245580	arm64-v8a,armeabi-v7a,x86,x86_64	4

== source archives ==
nor_maker_0_1_core_increment.zip	16116	461cedfa138c4259a35e32b0045e373f475adb166530f12419ef4a98b4c33498	/home/ubuntu/nor_maker_0_1/nor_maker_0_1_core_increment.zip
NorMaker-0.1-merged-android-project.zip	61716	596be03865c4a91bb2ad268f471b890c61f871529817e69d67ca9ab2234d8c1b	/home/ubuntu/nor_maker_0_1/NorMaker-0.1-merged-android-project.zip
NorMaker-0.1-android-current-merged.zip	65738	7518972dede6db27a18bc24eee8b72a6be09fa6a5193b7b527183bb8888f6e66	/home/ubuntu/nor_maker_0_1/NorMaker-0.1-android-current-merged.zip
NorMaker-0.1-gmk-phases1-2-project.zip	44425	b54a8c39194bd6195bfbc2763fb724c0968640baeb4ac99d678ba96ee72fcdfd	/home/ubuntu/nor_maker_0_1/NorMaker-0.1-gmk-phases1-2-project.zip

== source tree hashes ==
0b13e1f9b89f76584bae9a3e0fd4b352b7c0b1497eca8f3abf243de78a34e11e  -
